b2_anchor_ab,b2_anchor_bc,or_anchor_ab,or_anchor_bc,ordinal_band_ab,ordinal_band_bc,ordinal_band_ab_se,ordinal_band_bc_se,b2_ordinal_at_035,b2_ordinal_at_070,b2_ordinal_at_lordif
0.8074855848765599,1.1745065764265652,2.2422629128423273,3.23654556190068,0.03760260278880797,0.07566624630347259,0.00038904353551291574,0.0005378999856035253,0.7772741786277934,1.1299520712394686,0.586644513259147
